{"rgi_id": "RGI60-11.00897", "t_star": 1963, "bias": -2.7289943003343065, "mu_star_glacierwide": 222.05370169157635, "mu_star_per_flowline": [222.05370169157635], "mu_star_flowline_avg": 222.05370169157635, "mu_star_allsame": true}